Name,Latitude,Longitude
无锡市无锡中关村科技创新园,31.45530041,120.416369
无锡市第一上海广场,31.52908787,120.3864162
无锡市中凯润投资硕放项目,31.4942784,120.457621
无锡市中锦城硕放项目,0,0
无锡市星富广场,31.62786222,120.3039136
无锡市新太阳房产阳山项目,0,0
无锡市金汇熙园,31.35460396,119.7879819
无锡市景湖天成,31.36952225,119.7896958
无锡市景湖天成,31.36952225,119.7896958
无锡市万业观山泓郡,31.59802601,120.4481554
无锡市碧桂园天玺,31.85213423,120.2609617
无锡市景湖天成,31.36952225,119.7896958
无锡市融创文化旅游城,31.45186463,120.2794753
无锡市中梁壹号院,31.36479105,119.8714338
无锡市海逸北欧假日,31.44723693,119.8133551
无锡市中梁壹号院,31.36479105,119.8714338
无锡市香颂世家,31.49673939,119.7100547
无锡市山水氿城,31.36627205,119.8744478
无锡市恒大溪隐府,31.35620479,119.8306551
无锡市山水氿城,31.36627205,119.8744478
无锡市吉祥国际花园,31.4883754,120.4506405
无锡市龙湖紫云台,31.33330298,119.8388319
无锡市龙湖紫云台,31.33330298,119.8388319
无锡市溪岸景园,31.44757661,120.2836019
无锡市远东香邑,31.45558134,119.7621393
无锡市恒大溪隐府,31.35620479,119.8306551
无锡市硕放房产新区项目,31.54199099,120.362032
无锡市长泰国际社区,31.58182596,120.40747
无锡市嘉德港与城,31.56016413,120.286112
无锡市嘉德港与城,31.56016413,120.286112
无锡市润福置业锡山经济开发区项目,0,0
无锡市银华金融大厦,31.47936364,120.3070962
无锡市锡北星邻里国际花园,31.65896729,120.4362882
无锡市绿地璀璨天城,31.66145788,120.3175241
无锡市国联房地产太湖新城项目,31.47172737,120.3401511
无锡市塞纳庄园,0,0
无锡市塞纳庄园,0,0
无锡市信运现代城,31.5674763,120.3314161
无锡市圣园,31.46196564,120.1238462
无锡市太湖瑞仕花园,31.54801994,120.1974569
无锡市昕湖坊,31.54083419,120.5703294
无锡市无锡碧桂园,31.59874713,120.4711958
无锡市明园星都,31.48672663,120.49216
无锡市恒威中央领地,31.54858375,120.3134252
无锡市翠竹芙蓉山庄,31.63745158,120.3755185
无锡市翠竹芙蓉山庄,31.63745158,120.3755185
无锡市荣宏富家,31.67980388,120.5194979
无锡市九龙仓玺园,31.54430443,120.3253076
无锡市九龙仓玺园,31.54430443,120.3253076
无锡市香岛御墅,31.53770054,120.4834456
无锡市长安哥伦布广场,31.67606023,120.3576378
无锡市红豆天一华府,31.58727716,120.3462806
无锡市彩旸香江,31.56382745,120.3132913
无锡市彩旸香江,31.56382745,120.3132913
无锡市彩旸香江,31.56382745,120.3132913
无锡市美的公园天下,31.59215401,120.4472474
无锡市华方科创中心,0,0
无锡市香槟街铂悦府,31.54861462,120.2705743
无锡市世贸中心酒店,31.55428067,120.3097573
无锡市无锡缤悦湾电商公寓,31.63066446,120.3033329
无锡市西溪悠然街,0,0
无锡市无锡北邮国昊物联生态园,31.47564991,120.3741448
无锡市佛奥天佑城,31.49177177,120.3731324
无锡市太平洋城中城天一公馆,31.55526582,120.4117403
无锡市华发中南装饰城地块,0,0
无锡市中海凤凰熙岸,31.48398587,120.3261389
无锡市中广拾萬方,0,0
无锡市信义许舍地块,0,0
无锡市佛奥天佑城,31.49177177,120.3731324
无锡市四季原著项目,0,0
无锡市恒基旭辉府,31.36668281,119.8497873
无锡市保集蓝郡,31.34948324,119.914343
无锡市保集蓝郡,31.34948324,119.914343
无锡市金水名都,31.35515567,119.8065907
无锡市恒大珺睿府,31.37440304,119.8743
无锡市保集蓝郡,31.34948324,119.914343
无锡市金水名都,31.35515567,119.8065907
无锡市东氿一号,31.35784263,119.8481532
无锡市东氿一号,31.35784263,119.8481532
无锡市建邦华悦氿峰,31.37080546,119.8684875
无锡市无锡保华旺苑,31.56998177,120.2876434
无锡市南丰汇项目,31.55270266,120.3022333
无锡市东宝康园,31.53798842,120.3265848
无锡市御景名仕苑,31.69364067,120.2066506
无锡市溪畔橡园,31.65125108,120.221502
无锡市天奇馨城,31.63525757,120.1897237
无锡市家乐府,31.55793966,120.3052133
无锡市金科世界城,31.53468528,120.305647
无锡市太湖锦园,31.5408308,120.2026896
无锡市明发商业广场,31.63366639,120.3109533
无锡市中瑞一号项目,31.41891119,120.2332897
无锡市港下红豆万花城,31.70178078,120.5441651
无锡市港下红豆万花城,31.70178078,120.5441651
无锡市港下红豆万花城,31.70178078,120.5441651
无锡市无锡明园商务大厦,31.48672663,120.49216
无锡市万荟城,31.62525022,120.3050536
无锡市盛世兰亭苑,31.57616346,120.0895566
无锡市国际金融中心项目,31.47841819,120.308789
无锡市高达广场,31.61467602,120.3225666
无锡市紫金苑天郡,31.66004434,120.4314149
无锡市雅居乐旭辉藏珑府,31.56271408,120.262109
无锡市荣盛华府,31.36407205,119.8751278
无锡市雅居乐中央府,31.49255088,120.3252624
无锡市雅达阳羡溪山,31.20105358,119.7685222
无锡市彩虹未来城,31.35100996,119.7860129
无锡市雅达阳羡溪山,31.20105358,119.7685222
无锡市海尔创智谷,31.60028081,120.4644937
无锡市翰林苑,31.47837119,119.8777048
无锡市海尔创智谷,31.60028081,120.4644937
无锡市翰林苑,31.47837119,119.8777048
无锡市融创大塘御园,31.60944573,120.2957188
无锡市滨湖城市投资公司青祁路项目,0,0
无锡市福地桃溪,31.26846834,119.6395333
无锡市绿城无锡桃花源,31.42950935,120.2719596
无锡市金源国际大厦,31.53957912,120.3539732
无锡市龙玺太湖湾,31.48691321,120.041523
无锡市融创氿园,31.34985679,119.8380161
无锡市融创氿园,31.34985679,119.8380161
无锡市永佳金龙名都,31.26264355,119.8396898
无锡市陶里文化商业街,31.28239871,119.8322701
无锡市恒大财富中心,31.48462364,120.3065692
无锡市天安智慧城,31.50700042,120.3618513
无锡市天富广场,31.65144119,120.3912961
无锡市深港宝阁丽,31.57892521,120.3986725
无锡市大宗钢铁惠山项目,31.59407731,120.1972209
无锡市无锡欢乐海洋世界,31.6751613,120.4404817
无锡市滨湖城市投资公司青祁路项目,0,0
无锡市华夏大厦,31.58065536,120.2967916
无锡市锡北泉山中心商业广场,31.66569334,120.4321549
无锡市天宇商务大厦,31.55059192,120.2904936
无锡市嘉福公寓,31.59409645,120.3917221
无锡市香梅香墅,31.47181599,120.4445353
无锡市太湖嘉汇广场,31.5042001,120.3036559
无锡市南方不锈钢国际交易中心,31.57412133,120.3979172
无锡市无锡圆融广场,31.60178976,120.3063613
无锡市香梅香墅,31.47181599,120.4445353
无锡市上海中心城开国际,31.54157164,120.2585309
无锡市嘉汇嘉园,31.92020355,120.2717498
无锡市港龙财智国际,31.6114498,120.2316088
无锡市港龙财智国际,31.6114498,120.2316088
无锡市恒隆广场写字楼,31.57429962,120.2974623
无锡市阳光100国际新城商铺,31.63215454,120.2781445
无锡市红星大都汇,31.49137812,120.2897157
无锡市佛奥·天佑城,31.49177177,120.3731324
无锡市新发汇融净慧西道地块,31.54228038,120.3945599
无锡市无锡圆融广场,31.60178976,120.3063613
无锡市华润橡树湾-万象公馆,31.67478763,120.2904787
无锡市耘林锡海珈苑,31.53438751,120.2918256
无锡市宝龙世家,31.54050812,120.3516062
无锡市太湖雍华府,31.48559152,120.3813144
无锡市九如城氿麓花园,0,0
无锡市阳光100凤凰街,31.63383924,120.2803639
无锡市恒天紫金城,31.26050106,119.889423
无锡市中交阳羡美庐,31.22554072,119.7676832
无锡市中交阳羡美庐,31.22554072,119.7676832
无锡市九龙依云,31.33323927,119.8318299
无锡市中国宜兴国际环保城,31.44789175,119.8075985
无锡市御景豪庭,31.56419498,119.659944
无锡市鸿威东方雅园,31.27730374,119.8393368
无锡市鸿威东方雅园,31.27730374,119.8393368
无锡市玉麒会,31.69501889,120.1774187
无锡市博大假日广场欢乐颂,31.49545042,120.2751508
无锡市博大假日广场欢乐颂,31.49545042,120.2751508
无锡市中国工业博览园工业设计中心,31.56682561,120.4101504
无锡市无锡商会大厦,31.47803519,120.310985
无锡市无锡恒生科技园,31.66979035,120.2132073
无锡市御景珑庭,0,0
无锡市华盛苑,31.51192418,120.2967777
无锡市新发汇融广场,31.49024742,120.3666711
无锡市锡通科技大厦,31.48997777,120.3771754
无锡市五洲国际广场银河城,31.59346979,120.3279657
无锡市茂业时代广场,31.58373536,120.2983146
无锡市时代广场二期,31.56775113,120.285273
无锡市时代广场二期,31.56775113,120.285273
无锡市龙世西湖湾庄园,31.69340269,120.179388
无锡市苏宁悦城,31.49722788,120.3252594
无锡市苏宁广场,31.57547408,120.3029184
无锡市华夏东港镇项目,31.60963929,120.4834066
无锡市华夏东港镇项目,31.60963929,120.4834066
无锡市华夏东港镇项目,31.60963929,120.4834066
无锡市建发玖里湾,31.59537201,120.4446204
无锡市华府天地尊园,31.48767764,120.3001272
无锡市中堂院墅,31.57160833,120.364771
无锡市富力城,31.56235982,120.3563854
无锡市龙湖天璞,31.5074571,120.3004499
无锡市国美南长华府,31.55592667,120.3129783
无锡市宝龙世家,31.54050812,120.3516062
无锡市龙湖天宸原著,31.6868594,120.3052487
无锡市中海寰宇天下,31.56855952,120.3740134
无锡市绿地天空树,31.4592278,120.2777243
无锡市荷兰岛郁金香庄园,31.36316483,119.7924353
无锡市尚水名筑,31.44733512,119.8247035
无锡市岭秀首府,31.33964402,119.8572951
无锡市岭秀首府,31.33964402,119.8572951
无锡市万庭嘉融域,31.38107586,119.8682666
无锡市万庭嘉融域,31.38107586,119.8682666
无锡市优湖美地花园,31.36736705,119.8707808
无锡市宜兴碧桂园,31.40517789,119.9355297
无锡市宜兴碧桂园,31.40517789,119.9355297
无锡市金汇熙园,31.35460396,119.7879819
无锡市索立得科技社区,31.60343094,120.3989028
无锡市润华国际大厦,31.54202362,120.2693793
无锡市恒华科技园,31.47300781,120.270375
无锡市国慧商务广场,31.64018379,120.312983
无锡市麦库MYCO,31.55890183,120.3451387
无锡市蠡湖花都隐秀路项目,31.52726042,120.2751629
无锡市节能环保大厦,31.54780664,120.2522359
无锡市建科COPO,31.4677358,120.2745513
无锡市华荣春晖科技园,31.60262494,120.4028658
无锡市红豆东方财富广场,31.59317165,120.4584764
无锡市金洋·奥澜,31.67821818,120.3212935
无锡市绿地西水东,31.56624699,120.2910409
无锡市东岭锡上,31.57739608,120.3034884
无锡市玺悦珑庭,31.57158944,120.3532569
无锡市玺悦珑庭,31.57158944,120.3532569
无锡市富力运河十号,31.53303773,120.3137474
无锡市富力运河十号,31.53303773,120.3137474
无锡市世茂璀璨时光,31.59385116,120.3024078
无锡市彩旸香江,31.56382745,120.3132913
无锡市东岭锡上,31.57739608,120.3034884
无锡市绿地璀璨天城,31.66145788,120.3175241
无锡市华发首府,31.52661705,120.3120518
无锡市梅园欢乐广场,31.56491412,120.2288507
无锡市梅园欢乐广场,31.56491412,120.2288507
无锡市茂瑞府,31.63501064,120.2194725
无锡市太湖金茂逸墅,31.43071835,120.2758936
无锡市东锦家园,31.47965809,119.90211
无锡市龙湖蠡湖天著,31.54222779,120.2432975
无锡市百和国际花园,31.59535165,120.4512224
无锡市龙湖蠡湖天著,31.54222779,120.2432975
无锡市明发国际新城,31.6406262,120.2896841
无锡市红豆财富广场F公馆,0,0
无锡市荣悦湾,31.5474598,120.2023006
无锡市恒大华府,31.50007487,120.3232992
无锡市保利融侨时光印象,31.6060081,120.3399484
无锡市长泰御园·悦公馆,31.58259796,120.40134
无锡市洛城雅锦园,31.63258616,120.2093832
无锡市远洋太湖宸章,31.47353291,120.3722838
无锡市碧桂园金茂悦山,31.66436384,120.4265128
无锡市碧桂园金茂悦山,31.66436384,120.4265128
无锡市无锡圆融广场,31.60178976,120.3063613
无锡市长江领寓,31.5674453,120.3366291
无锡市龙湖阳光城璞悦项目,0,0
无锡市华发首府,31.52661705,120.3120518
无锡市无锡圆融广场,31.60178976,120.3063613
无锡市绿地璀璨天城,31.66145788,120.3175241
无锡市小天鹅雍山府,31.60004475,120.2514836
无锡市洛城雅锦园,31.63258616,120.2093832
无锡市永乐国际,31.59008714,120.3141482
无锡市中电二公司原总部大楼,31.47545491,120.3772108
无锡市宛溪雅居,31.59749248,120.5027668
无锡市无锡康桥府,31.56322366,120.2704762
无锡市吴樾东方,31.55490857,120.4416263
无锡市远洋湖墅,31.46958391,120.3702388
无锡市融创文化旅游城,31.45186463,120.2794753
无锡市玫瑰香堤,31.62056629,120.3540319
无锡市小天鹅望山院墅,0,0
无锡市悦湖官邸项目,31.62763993,120.2146943
无锡市银城蔚来,31.50135887,120.3270352
无锡市宝能城,31.48092064,120.3038502
无锡市国美南长华府,31.55592667,120.3129783
无锡市绿地观澜湾,31.57973936,120.2940256
无锡市翠屏·汇天地,31.59115765,120.4583214
无锡市宝龙世家,31.54050812,120.3516062
无锡市龙湖星悦荟,31.47275015,120.3655269
无锡市澜山郡,31.4619568,120.2735103
无锡市万科有山,31.59847378,120.1309591
无锡市万科有山,31.59847378,120.1309591
无锡市华夏世纪锦园南区,31.62547257,120.4778955
无锡市龙世西湖湾,31.69340269,120.179388
无锡市世贸中心酒店,31.55428067,120.3097573
无锡市金轮湖晓兰庭,31.45955869,120.1301349
无锡市阳光100国际新城北区,31.64436767,120.2842476
无锡市世茂璀璨时光,31.59385116,120.3024078
无锡市国瑞洛社新城15号地块,0,0
无锡市无锡康桥府,31.56322366,120.2704762
无锡市金科蠡湖,31.52298884,120.267163
无锡市吴樾东方,31.55490857,120.4416263
无锡市融创枫丹御园,31.5410248,120.4892629
无锡市蠡湖金茂府,31.52494761,120.2805804
无锡市吉宝凌云峰阁,31.60370676,120.3015133
无锡市长兴秀江南,31.82799447,120.0116166
无锡市无锡保华马山项目,31.48258619,120.1270488
无锡市耘林锡海珈苑,31.53438751,120.2918256
无锡市兰桂坊地块,0,0
无锡市国美南长华府,31.55592667,120.3129783
无锡市中联公园里,31.61739643,120.3674686
无锡市路劲蠡湖院子,31.53612956,120.259112
无锡市周新立信大道地块,31.53244094,120.3966961
无锡市宜兴恒大花溪小镇,31.45246534,119.7670693
无锡市寺头家园三期,31.64794179,120.310677
无锡市无锡奥凯城市广场,31.67250715,120.1998128
无锡市恒廷弘业路地块,0,0
无锡市龙湖明园路地块,0,0
无锡市金科集美壹品,31.60888549,120.2165645
无锡市龙湖明园路地块,0,0
无锡市金科集美壹品,31.60888549,120.2165645
无锡市周新立信大道地块,31.53244094,120.3966961
无锡市兰桂坊地块,0,0
无锡市万科翡翠东方,31.49030688,120.3269384
无锡市弘阳昕悦棠,31.67637915,120.1991198
无锡市华发首府,31.52661705,120.3120518
无锡市无锡欢乐海洋世界,31.6751613,120.4404817
无锡市绿地中央广场,31.57227344,120.3498329
无锡市北科建·无锡中关村软件园太湖分园,31.45377521,120.4198748
无锡市IN立方创新空间,0,0
无锡市金都跃公馆,31.67632126,120.3018334
无锡市蓝城无锡江南里,31.55585867,120.3172473
无锡市御景珑庭,0,0
无锡市龙湖九里晴川,31.59546378,120.1305671
无锡市宝龙香槟湖,31.69750469,120.188057
无锡市吴月雅境,31.50820811,120.4978343
无锡市华府庄园白金府邸,31.66643088,120.3105661
无锡市龙泽半岛逸湾,31.69403085,120.1893083
无锡市田园东方,31.60193639,120.1289504
无锡市栖霞栖园,31.54740398,120.2217692
无锡市百乐和园,31.60714786,120.2405942
无锡市香缇半岛,31.60779874,120.2032779
无锡市耘林生命公寓,31.47207091,120.3701388
无锡市明发商业广场,31.63366639,120.3109533
无锡市长江一号,31.54245699,120.359189
无锡市保华敔山湾,31.89107283,120.3419103
无锡市保华旺苑,31.56998177,120.2876434
无锡市太平洋城中城,31.63612746,120.3061789
无锡市雅居乐中央府,31.49255088,120.3252624
无锡市国际一花园,31.56011589,120.3785871
无锡市建发玖里湾,31.59537201,120.4446204
无锡市诚寓,0,0
无锡市富屹新城国际,31.47305415,120.3671579
无锡市荣悦湾,31.5474598,120.2023006
无锡市蓝光雍锦园,31.58630308,120.3940039
无锡市红豆香江豪庭,31.59064722,120.4615968
无锡市寰宇中心,31.57411233,120.3965082
无锡市新震泽秀水坊项目,0,0
无锡市深航置业五湖大道东项目,0,0
无锡市西城荟,31.60111749,120.2117665
无锡市涌金诚商业中心,0,0
无锡市保华旺苑,31.56998177,120.2876434
无锡市翠屏·汇天地,31.59115765,120.4583214
无锡市碧桂园湖悦天境项目,31.35727101,119.8875725
无锡市碧桂园南光城,31.62259118,120.2008039
无锡市太湖雍华府,31.48559152,120.3813144
无锡市美的中骏雍景湾,31.68086517,120.5135506
无锡市龙湖天鉅,31.68920672,120.3114385
无锡市万科运河传奇,31.53160734,120.3364072
无锡市龙湖天璞,31.5074571,120.3004499
无锡市紫光置业立信大道项目,31.47811683,120.3066387
无锡市东岭锡上,31.57739608,120.3034884
无锡市香樟公馆项目,31.92607457,120.3416931
无锡市中邦·欢乐颂,31.57464715,120.3779749
无锡市鸿威鸿景雅园,31.66829934,120.4315519
无锡市吉宝澜岸铭邸,31.4931551,120.2641375
无锡市积水住宅裕沁湖畔庭,31.46942791,120.3742228
无锡市阿维侬庄园,31.46417869,120.1307639
无锡市ΜΟΜΛ春风湖上,31.52505203,120.5608996
无锡市富力十号,31.4997001,120.3036699
无锡市绿地西水东,31.56624699,120.2910409
无锡市启迪协信·阿卡迪亚,31.47210627,120.3806431
无锡市家乐苑,31.55793966,120.3052133
无锡市万科观湖礼著,31.47019232,120.3584777
无锡市银城蔚来,31.50135887,120.3270352
无锡市美的国宾府,31.64071079,120.309498
无锡市万科新酩悦,31.49650919,120.28686
无锡市绿地西水晶舍,31.59849315,120.2687283
无锡市中洲花溪樾,31.52482303,120.5588596
无锡市华润橡树湾,31.67478763,120.2904787
无锡市华润江南府,31.58348308,120.3952539
无锡市鸿墅,31.69047181,120.3044735
无锡市鸿坤理想湾,31.53852054,120.4867056
无锡市路劲梅都府,31.54741205,120.426793
无锡市万科吴都路地块,31.48450809,120.2908162
无锡市玺悦珑庭,31.57158944,120.3532569
无锡市吉宝富力城南地块,31.5629077,120.3602095
无锡市苏源万寿站地块,0,0
无锡市蠡湖一号,31.52485384,120.266671
无锡市耘林锡海珈苑,31.53438751,120.2918256
无锡市蠡湖一号,31.52485384,120.266671
无锡市首开永泰渔港路地块,0,0
无锡市佛奥·天佑城,31.49177177,120.3731324
无锡市信义状元路地块,31.54228038,120.3945599
无锡市绿城凤起和鸣,31.47700183,120.3053767
无锡市银城蔚来,31.50135887,120.3270352
无锡市华广新城西路地块,0,0
无锡市无锡世奥广场,31.59639165,120.4565584
无锡市中锐星公元,31.49683773,120.3175364
无锡市阳光100喜马拉雅,31.47785019,120.309306
无锡市太湖ONE,31.57297244,120.3478519
无锡市溪岸景园,31.44757661,120.2836019
无锡市中洲花溪樾,31.52482303,120.5588596
无锡市新力帝泊湾,31.54122267,120.1429836
无锡市新力帝泊湾,31.54122267,120.1429836
无锡市时代城,31.61000439,120.2041318
无锡市上置江南华府,31.54037227,120.4844692
无锡市锦熙府,31.59924948,120.2808773
无锡市红豆首府二期,31.70068578,120.5416501
无锡市红星大都汇,31.49137812,120.2897157
无锡市万科天一玖著,31.64685886,120.3046015
无锡市龙山大厦,31.55506159,120.2508278
无锡市融创东方御园,31.58257459,120.4538598
无锡市中联公园里,31.61739643,120.3674686
无锡市中联公园里,31.61739643,120.3674686
无锡市绿地观澜湾,31.57973936,120.2940256
无锡市金科米兰花园,31.5653457,120.3659995
无锡市长广溪旭天科技谷,0,0
无锡市奥体紫兰园,0,0
无锡市星洲科技商务园,31.54021016,120.380186
无锡市百好锦园三期,31.67213963,120.2961767
无锡市宛溪雅居,31.59749248,120.5027668
无锡市朗诗太湖绿郡,31.49352666,120.3323188
无锡市中城誉品,31.56282966,120.2742142
无锡市太湖瑞仕花园,31.54801994,120.1974569
无锡市九龙仓碧玺A区,31.54011461,120.328938
无锡市小天鹅雍山府,31.60004475,120.2514836
无锡市恒大御峰,31.58687696,120.401611
无锡市恒大观澜府,31.62525422,120.3612787
无锡市中海寰宇天下,31.56855952,120.3740134
无锡市中海凤凰熙岸,31.48398587,120.3261389
无锡市金宸国际花园,31.87251948,120.2865578
无锡市御景名仕苑,31.69364067,120.2066506
无锡市小天鹅望山院墅,0,0
无锡市华夏东城一品,31.60963929,120.4834066
无锡市玫瑰香堤,31.62056629,120.3540319
无锡市嘉盛维纳阳光,31.67045526,120.2984014
无锡市香榭一品,31.57819977,120.2865154
无锡市富力运河十号,31.53303773,120.3137474
无锡市金域香颂,31.59544846,120.4245351
无锡市盛世兰亭,31.57522946,120.0891556
无锡市世纪明珠,31.55955213,120.280735
无锡市东宝康园,31.53798842,120.3265848
无锡市中海英伦观邸,31.54609131,120.1327608
无锡市润华国际大厦,31.54202362,120.2693793
无锡市万科天一新著,31.64808686,120.3057695
无锡市中洲崇安府,31.58820316,120.3400336
无锡市华夏文华国际,31.58630017,120.3551656
无锡市华宸·汇普金融大厦,31.54270643,120.3251266
无锡市红梅·新天地,31.57996036,120.2941206
无锡市前洲五洲国际广场,31.69896151,120.2138157
无锡市西城荟,31.60111749,120.2117665
无锡市多友·嘉悦中心,0,0
无锡市蓝光雍锦园,31.58630308,120.3940039
无锡市硕放香梅哥伦布广场,31.47078899,120.4468763
无锡市芙蓉山庄B区,31.63745158,120.3755185
无锡市香槟街铂悦府,31.54861462,120.2705743
无锡市印象剑桥,31.48891529,120.1297367
无锡市金都花园,31.67472626,120.3037124
无锡市半山一号,31.44031971,120.1321516
无锡市映月华府,31.58426559,120.4549738
无锡市富力城,31.56235982,120.3563854
无锡市堰湾长堤,31.68573672,120.2868711
无锡市弘阳三万顷,31.43439124,120.1240689
无锡市吉祥国际花园,31.4883754,120.4506405
无锡市融侨悦府,31.59617879,120.3249707
无锡市金桂尚苑,31.54544425,120.2956408
无锡市南方港湾城,0,0
无锡市美的公园天下,31.59215401,120.4472474
无锡市美新玫瑰庄园,31.56553652,120.3714624
无锡市天安曼哈顿,31.54029536,120.2854538
无锡市明发国际新城,31.6406262,120.2896841
无锡市中威国际公寓,31.6818094,120.2997897
无锡市天元世家,31.56082899,120.2930669
无锡市碧桂园梅公馆,31.55038621,120.451546
无锡市万业观山泓郡,31.59802601,120.4481554
无锡市深港亚太中心,31.57832321,120.4025925
无锡市锡北泉山中心商业广场,31.66569334,120.4321549
无锡市四季公寓,31.52437561,120.2859284
无锡市昕湖坊,31.54083419,120.5703294
无锡市中南君悦府,31.4665257,120.4440624
无锡市九龙仓御玺,31.56011912,120.3195224
无锡市御景华庭,31.61703912,120.5432837
无锡市无锡奥凯城市广场,31.67250715,120.1998128
无锡市盛唐乐享城,31.60337733,120.2923709
无锡市万科V+米寓,0,0
无锡市五洲国际广场·银河城,31.59346979,120.3279657
无锡市五洲国际广场·银河城,31.59346979,120.3279657
无锡市天富广场,31.65144119,120.3912961
无锡市五洲国际小商品城,31.61454014,120.2174942
无锡市新联钢大厦,31.59947137,120.325268
无锡市联东U谷无锡总部商务园,31.61065473,120.2972618
无锡市晶石国际中心,31.59086544,120.3593824
无锡市龙湖九墅天玺,31.58526907,120.3632308
无锡市阿维侬庄园,31.46417869,120.1307639
无锡市正大万物城,31.50582036,120.392825
无锡市金科米兰花园,31.5653457,120.3659995
无锡市西溪碧桂园,31.6025909,120.1938074
无锡市融创玉兰璟园,31.61457643,120.3614546
无锡市蓝光雍锦里,31.60710604,120.367026
无锡市恒大绿洲,31.56918644,120.3533769
无锡市绅华府,31.52871019,120.385922
无锡市彩虹城,31.53719171,120.3639885
无锡市苏宁广场,31.57547408,120.3029184
无锡市金洋·奥澜,31.67821818,120.3212935
无锡市恒大财富中心,31.48462364,120.3065692
无锡市太湖锦绣园,31.53685323,120.1958103
无锡市凤鸣山庄,31.5430258,120.4894229
无锡市太湖锦园,31.5408308,120.2026896
无锡市保利中央公园,31.56603383,120.3398097
无锡市圣园,31.46196564,120.1238462
无锡市绿地西水东,31.56624699,120.2910409
无锡市中海新天地,31.48398587,120.3261389
无锡市中梁首府壹号,31.35184236,119.7968108
无锡市国信世家璞园,31.56881133,120.367658
无锡市蠡湖金茂府,31.52494761,120.2805804
无锡市荣宏富家,31.67980388,120.5194979
无锡市红豆人民路九号,31.58630872,120.3271669
无锡市茂业天地观园,31.54976967,120.3085633
无锡市首创悦府,31.56810983,120.3450877
无锡市山水湖滨花园二期,31.52546081,120.2891511
无锡市时代国际,31.54643573,120.3043338
无锡市时代国际,31.54643573,120.3043338
无锡市锋尚文创中心,31.60593533,120.2905189
无锡市上海中心城开国际,31.54157164,120.2585309
无锡市创源大厦,31.52950207,120.3707733
无锡市九龙仓国金中心,31.54871873,120.3071938
无锡市中联公园里,31.61739643,120.3674686
无锡市梅里古都,31.54135135,120.4347087
无锡市长安哥伦布广场,31.67606023,120.3576378
无锡市融创枫丹御园,31.5410248,120.4892629
无锡市嘉汇环球中心,31.54071612,120.3550922
无锡市汇坚国际QQ公寓,31.61511702,120.3253176
无锡市龙玺太湖湾,31.48691321,120.041523
无锡市绿地璀璨天城,31.66145788,120.3175241
无锡市水畔兰庭,31.76682892,120.4259807
无锡市绿地天空树,31.4592278,120.2777243
无锡市融创运河壹号府,31.55099834,120.3260161
无锡市观山名筑南区,31.50148207,120.3340639
无锡市永利翡翠庄园,31.60163995,120.2208579
无锡市太平洋城中城,31.63612746,120.3061789
无锡市水岸名府,31.52517456,120.5563041
无锡市融创森邻森邻,31.52652319,120.382935
无锡市中锐琅石名筑,31.50523129,120.2944227
无锡市启迪协信·壹克拉,31.48831016,120.3687014
无锡市启迪协信·阿卡迪亚,31.47210627,120.3806431
无锡市博大假日广场,31.49399242,120.2758368
无锡市恒威中央领地,31.54858375,120.3134252
无锡市红星大都汇,31.49137812,120.2897157
无锡市复地拜伦湾,31.68077606,120.2901709
无锡市理想城市花园七期,31.65898743,120.3230069
无锡市富力桃园,31.54932509,120.3812388
无锡市融侨观邸一期,31.5597987,120.3676125
无锡市绿地悦澜湾,31.65856243,120.3184949
无锡市绿城雅园,31.54118667,120.1431976
无锡市路劲蠡湖院子,31.53612956,120.259112
无锡市惠都上府名园,31.62976216,120.2149212
无锡市九龙仓时代上城C区,31.54023873,120.3045708
无锡市鸿坤理想湾,31.53852054,120.4867056
无锡市世贸公馆,31.55402667,120.3094453
无锡市深港宝阁丽,31.57892521,120.3986725
无锡市红豆·首府,31.70068578,120.5416501
无锡市玉兰花园西三区,31.49676666,120.3007007
无锡市万健广场,31.61311414,120.2157032
无锡市春华里,31.55615009,120.3803288
无锡市梦享城,31.67762018,120.3214795
无锡市金盛华彩荟,31.59283597,120.3328402
无锡市长江一号,31.54245699,120.359189
无锡市信运现代城,31.5674763,120.3314161
无锡市万荟城,31.62525022,120.3050536
无锡市印象湖滨路劲,31.53699332,120.286317
无锡市香岛御墅,31.53770054,120.4834456
无锡市红梅·新天地,31.57996036,120.2941206
无锡市华润橡树湾,31.67478763,120.2904787
无锡市红豆香江豪庭,31.59064722,120.4615968
无锡市华夏世纪锦园南区,31.62547257,120.4778955
无锡市万科海上传奇,31.50432429,120.2963207
无锡市万科信成道,31.49419712,120.2979637
无锡市万科金域缇香,31.5659893,120.3340771
无锡市长泰国际社区,31.58182596,120.40747
无锡市金轮星光名座生活广场,31.55220205,120.3483554
无锡市龙世西湖湾,31.69340269,120.179388
无锡市积水住宅裕沁湖畔庭,31.46942791,120.3742228
无锡市海岸城·八方汇,31.48951212,120.2975027
无锡市蠡湖瑞仕花园,31.53452156,120.259985
无锡市融创东方御园,31.58257459,120.4538598
无锡市利华广场,31.56113183,120.3460707
无锡市光华时代广场,31.58514072,120.3201009
无锡市无锡圆融广场,31.60178976,120.3063613
无锡市红豆·万花城,31.58130236,120.2980966
无锡市中隆·润熙府,31.59900881,120.4675407
无锡市阳光100汀枫渡,31.63170024,120.2806899
无锡市锡北星邻里,31.65896729,120.4362882
无锡市华盛苑,31.51192418,120.2967777
无锡市华润江南府,31.58348308,120.3952539
无锡市广汇金色华府,31.64348379,120.313598
无锡市红豆天一华府,31.58727716,120.3462806
无锡市恒大悦珑湾,31.59553987,120.2785338
无锡市万科北门塘上,31.61468073,120.2944818
无锡市碧桂园梅公馆,31.55038621,120.451546
无锡市九龙仓玺园D区,31.54509243,120.3275186
无锡市港悦华府,31.70082792,120.5504691
无锡市华府天地尊园,31.48767764,120.3001272
无锡市鸿墅,31.69047181,120.3044735
无锡市耘林生命公寓,31.47207091,120.3701388
无锡市保利达江湾城,31.58546108,120.300425
无锡市栖霞栖园,31.54740398,120.2217692
无锡市藕乐汇·悦府Ⅱ期,0,0
无锡市乙画苑,31.70533777,120.1832686
无锡市东方天郡,31.61898322,120.3610357
无锡市万科维园,31.55162869,120.4280508
无锡市阳光100阿尔勒,31.64399397,120.2773602
无锡市吉宝凌云峰阁,31.60370676,120.3015133
无锡市龙湖九里晴川,31.59546378,120.1305671
无锡市龙泽半岛逸湾,31.69403085,120.1893083
无锡市ΜΟΜΛ春风湖上,31.52505203,120.5608996
无锡市宝龙香槟湖,31.69750469,120.188057
无锡市吴月雅境,31.50820811,120.4978343
无锡市溪畔橡园,31.65125108,120.221502
无锡市恒大城,31.59917623,120.450715
无锡市鸿威鸿景雅园,31.66829934,120.4315519
无锡市海岸城郦园,31.48555964,120.3030152
无锡市栖霞栖庭,31.54391136,120.2850658
无锡市融创银城惠山国际社区,31.62362434,120.18983
无锡市华府庄园白金府邸,31.66643088,120.3105661
无锡市塞纳公馆,31.69173989,120.1778667
无锡市苹果园幸福城,31.6019607,120.1807398
无锡市朗诗新郡,31.49955116,120.3179065
无锡市实地玫瑰庄园,31.67905315,120.1857585
无锡市金丰观湖铂庭,31.5472718,120.2020206
无锡市香缇半岛,31.60779874,120.2032779
无锡市百乐和园,31.60714786,120.2405942
无锡市博大假日广场,31.49399242,120.2758368
无锡市天奇馨城,31.63525757,120.1897237
无锡市融创玉兰公馆,31.66168592,120.3282357
无锡市康诗丹郡,31.57718444,120.3462599
无锡市中邦·欢乐颂,31.57464715,120.3779749
无锡市中建溪岸观邸,31.55692831,120.283265
无锡市嘉德水韵金阁,31.56026913,120.285841
无锡市朗诗太湖绿郡,31.49352666,120.3323188
无锡市洛城中央御景,31.63229216,120.2133442
无锡市融创·瑷颐湾,31.49151812,120.2951157
无锡市吉宝澜岸铭邸,31.4931551,120.2641375
无锡市锦翠嘉苑,31.69672185,120.1921053
无锡市华润悦府,31.56329366,120.2777612
无锡市恒大御澜湾,31.61701078,120.3537528
无锡市启迪协信·无锡科技城,31.61186443,120.2505532
无锡市世茂时光里,31.58856736,120.2953176
无锡市宝能城,31.48092064,120.3038502
无锡市尚锦城C区,31.49728266,120.3297038
无锡市鸿景中央府,31.49284666,120.4921085
无锡市中海珑玺,31.49527866,120.3346258
无锡市富力十号,31.4997001,120.3036699
无锡市启迪协信·梁溪本源,31.61190943,120.2491622
无锡市世茂御龙湾,31.89752985,120.3731964
无锡市碧桂园暨阳府,31.8726349,120.2761654
无锡市碧桂园凤凰公馆,31.82048551,120.4776126
无锡市十里明珠,31.49173729,120.1329767
无锡市龙湖天宸原著,31.6868594,120.3052487
无锡市龙湖天宸原著,31.6868594,120.3052487
无锡市香槟花园,31.55422969,120.1265541